timestamp,location,device,latitude,longitude,throughput_mbps,latency_ms,loss_pct,retransmission_proxy_pct,latency_samples,bytes,duration_ms
2026-08-26T14:44:22.259Z,Campus GPS,Phone,18.5204,73.8567,0.000288,157.68,2.7,2.7,10,0,0
2026-08-26T14:47:04.235Z,library 2nd floor,Phone,18.453613689375505,73.85366093572587,0.000278854,153.31,2.7,2.7,10,0,0
2026-08-26T19:51:57.220Z,Campus GPS,Phone,18.5204,73.8567,0.00103896,182.72,2.7,2.7,10,0,0
2026-08-26T19:53:18.273Z,4th floor,Phone,18.453613689375505,73.85366093572587,0.00141454,182.08,2.7,2.7,10,0,0
2026-09-09T13:10:07.653Z,library,Laptop,21.21981755645788,79.07814254268898,0.00106667,69.86,1.2,1.2,10,0,0
2026-09-09T14:20:54.467Z,library,Phone,18.4635,73.868,780.336,66.68,0,0,10,0,0
2026-09-09T14:21:35.433Z,canteen,Phone,21.22048,79.078632,615.904,67.37,0,0,10,0,0
2026-09-09T14:22:33.308Z,mini gate,Phone,21.22048,79.078632,905.897,68.97,0,0,10,0,0
2026-09-09T14:23:00.821Z,main gate,Phone,21.22048,79.078632,535.671,64.9,0,0,10,0,0
2026-09-09T14:23:21.337Z,ground,Phone,21.22048,79.078632,746.317,66,0,0,10,0,0
2026-09-09T14:23:41.523Z,main academic,Phone,21.22048,79.078632,939.374,64.97,0,0,10,0,0
2026-09-09T14:23:55.746Z,south campus,Phone,21.22048,79.078632,578.126,62.87,0,0,10,0,0
2026-09-09T14:28:30.437Z,main Gate,Phone,21.22048,79.078632,821.607,66.95,0,0,10,0,0
2026-09-09T14:28:40.947Z,Main Gate,Phone,21.22048,79.078632,482.104,67.31,0,0,10,0,0
2026-09-09T14:28:45.679Z,Main Gate,Phone,21.22048,79.078632,667.883,66.82,0,0,10,0,0
2026-09-09T14:29:02.796Z,Main academic,Phone,21.22048,79.078632,636.948,64.81,0,0,10,0,0
2026-09-09T14:29:07.045Z,Main academic area,Phone,21.22048,79.078632,798.155,67.93,0,0,10,0,0
2026-09-09T14:29:20.100Z,Main Academic Area,Phone,21.22048,79.078632,542.952,65.13,0,0,10,0,0
2026-09-15T15:38:56.680Z,Library 2nd Floor,Phone,21.220988,79.078573,861.253,184.62,1.5,1.5,10,0,0
